{
  "project_info": {
    "project_number": "945733007269",
    "firebase_url": "https://chatter-b4660-default-rtdb.firebaseio.com",
    "project_id": "chatter-b4660",
    "storage_bucket": "chatter-b4660.appspot.com"
  },
  "client": [
    {
      "client_info": {
        "mobilesdk_app_id": "1:945733007269:android:5ae19cb1ccd59086249a4c",
        "android_client_info": {
          "package_name": "com.example.bcbt"
        }
      },
      "oauth_client": [
        {
          "client_id": "945733007269-bhsniumujlh7fvngv31blvlcspemfh3b.apps.googleusercontent.com",
          "client_type": 3
        }
      ],
      "api_key": [
        {
          "current_key": "AIzaSyDkm4Yo-J6nAauKquRvWnEDWDPUDrT74kk"
        }
      ],
      "services": {
        "appinvite_service": {
          "other_platform_oauth_client": [
            {
              "client_id": "945733007269-bhsniumujlh7fvngv31blvlcspemfh3b.apps.googleusercontent.com",
              "client_type": 3
            }
          ]
        }
      }
    },
    {
      "client_info": {
        "mobilesdk_app_id": "1:945733007269:android:51561abe1db42fee249a4c",
        "android_client_info": {
          "package_name": "com.example.learnmate"
        }
      },
      "oauth_client": [
        {
          "client_id": "945733007269-bhsniumujlh7fvngv31blvlcspemfh3b.apps.googleusercontent.com",
          "client_type": 3
        }
      ],
      "api_key": [
        {
          "current_key": "AIzaSyDkm4Yo-J6nAauKquRvWnEDWDPUDrT74kk"
        }
      ],
      "services": {
        "appinvite_service": {
          "other_platform_oauth_client": [
            {
              "client_id": "945733007269-bhsniumujlh7fvngv31blvlcspemfh3b.apps.googleusercontent.com",
              "client_type": 3
            }
          ]
        }
      }
    }
  ],
  "configuration_version": "1"
}